Brand,N_Units,Sincerity,Excitement,Competence,Sophistication,Ruggedness,Small_Corpus_Flag,Status
AESTURA,2,-0.0265082288461538,-0.0353136193846153,-0.0080558106239316,-0.0281464447435897,-0.0600344437307692,N_LE_3,EXPLORATORY_NOT_VALIDATED
AGE20'S,5,0.0334319111538461,0.0325280131153846,0.053295566042735,0.0540096152564102,0.0123479512692307,,EXPLORATORY_NOT_VALIDATED
Abib,10,-0.0386554638461538,-0.0236732018846153,0.011860586042735,-0.0293859097435897,-0.0279020687307692,,EXPLORATORY_NOT_VALIDATED
Anua,5,0.0649162836538461,0.0723631206153846,0.110441376042735,0.0712914452564102,0.0703226612692307,,EXPLORATORY_NOT_VALIDATED
BEYOND,1,0.0342227161538461,-0.0035389943846153,-0.0429378939572649,0.0309956452564102,-0.0011463487307692,SINGLE_UNIT,EXPLORATORY_NOT_VALIDATED
BIOHEAL BOH,1,0.0865939436538461,0.0968017081153846,0.1310194793760683,0.0970094402564102,0.0467509562692307,SINGLE_UNIT,EXPLORATORY_NOT_VALIDATED
Beauty of Joseon,18,-0.0242565263461538,-0.0363459868846153,-0.0364575339572649,-0.0390390047435897,-0.0307852837307692,,EXPLORATORY_NOT_VALIDATED
COSRX,3,0.0115556061538461,-0.0014969843846153,0.0091500427094017,0.0157277102564102,0.0245817462692307,N_LE_3,EXPLORATORY_NOT_VALIDATED
Centellian24+,2,-0.0338045838461538,-0.0232260093846153,0.0177665827094017,-0.0282137847435897,0.0022764112692307,N_LE_3,EXPLORATORY_NOT_VALIDATED
Dr.Belmeur,1,0.3368682961538461,0.3629719131153846,0.3920923793760684,0.3339803902564102,0.3264000962692308,SINGLE_UNIT,EXPLORATORY_NOT_VALIDATED
ETUDE,5,-0.0084078313461538,-0.0123294343846153,-0.0545551606239316,-0.0329556997435897,-0.0210954787307692,,EXPLORATORY_NOT_VALIDATED
FATION,6,-0.0159003688461538,-0.0248712668846153,0.0423283593760683,-0.0321390747435897,-0.0213116737307692,,EXPLORATORY_NOT_VALIDATED
FVRTS,3,0.0087460111538461,0.0228602531153846,0.0433892327094016,0.0130723752564102,0.0005838862692307,N_LE_3,EXPLORATORY_NOT_VALIDATED
Glint,2,-0.0424974163461538,-0.0434772618846153,-0.0756365372905982,-0.0376746497435897,-0.0779311787307692,N_LE_3,EXPLORATORY_NOT_VALIDATED
HERA,7,0.0345601161538461,0.0404088806153846,-0.0084878939572649,0.0648675202564102,0.0008977112692307,,EXPLORATORY_NOT_VALIDATED
KAHI,4,-0.0509193038461538,-0.0599814768846153,-0.0859174506239316,-0.0348815447435897,-0.0295576937307692,,EXPLORATORY_NOT_VALIDATED
LANEIGE,17,-0.0786212863461538,-0.0636283543846153,-0.0686290439572649,-0.0918377897435897,-0.0569792937307692,,EXPLORATORY_NOT_VALIDATED
MENOKIN,5,-0.0890742363461538,-0.1031458743846153,-0.0900168572905983,-0.0876800397435897,-0.0836335337307692,,EXPLORATORY_NOT_VALIDATED
MISSHA,5,-0.0470371713461538,-0.0456557618846153,-0.0254633539572649,-0.0375445247435897,-0.0543710287307692,,EXPLORATORY_NOT_VALIDATED
NATURE REPUBLIC,10,-0.0247517138461538,-0.0362067368846153,-0.0314273839572649,-0.0391866897435897,-0.0204274437307692,,EXPLORATORY_NOT_VALIDATED
OHUI,3,-0.0172778738461538,-0.0087569193846153,-0.0099092706239316,-0.0248569947435897,-0.0288921487307692,N_LE_3,EXPLORATORY_NOT_VALIDATED
OURWHY,1,0.0936305336538461,0.0782067831153846,0.0134526827094016,0.1223369252564102,0.0746360962692307,SINGLE_UNIT,EXPLORATORY_NOT_VALIDATED
ROUND LAB,6,-0.0760019563461538,-0.0859430143846153,-0.0532233072905982,-0.0628535997435897,-0.0286820537307692,,EXPLORATORY_NOT_VALIDATED
SKIN1004,10,-0.1375122238461538,-0.1562259408846154,-0.1710367182905983,-0.1585877547435897,-0.1147226912307692,,EXPLORATORY_NOT_VALIDATED
Sooryehan,1,0.0194912686538461,0.0175395681153846,0.0485910727094016,0.0020879852564102,-0.0015866087307692,SINGLE_UNIT,EXPLORATORY_NOT_VALIDATED
Sulwhasoo,4,-0.0454651513461538,-0.0537003968846153,-0.0761298306239316,-0.0526556097435897,-0.0440735637307692,,EXPLORATORY_NOT_VALIDATED
TIRTIR,5,0.0645756986538461,0.0624601331153846,0.0362863293760683,0.0676799252564102,0.0371460012692307,,EXPLORATORY_NOT_VALIDATED
TONYMOLY,10,0.1575881261538461,0.1471784881153846,0.138974896042735,0.1496806252564102,0.1103211712692307,,EXPLORATORY_NOT_VALIDATED
Torriden,2,-0.1282337988461538,-0.1036413743846153,-0.0864399272905983,-0.1355905097435897,-0.0858550637307692,N_LE_3,EXPLORATORY_NOT_VALIDATED
UGLY LOVELY,1,0.1354762111538461,0.1119042181153846,0.0243854627094017,0.1599938552564102,0.1281249012692307,SINGLE_UNIT,EXPLORATORY_NOT_VALIDATED
biodance,28,-0.0608993713461538,-0.0508371818846153,-0.0197939606239316,-0.0700334647435897,-0.0284427887307692,,EXPLORATORY_NOT_VALIDATED
code glökolor,1,0.0253515761538461,0.0434078881153846,0.0617867793760683,0.0177524202564102,0.0734760112692307,SINGLE_UNIT,EXPLORATORY_NOT_VALIDATED
d'Alba,3,0.0029805311538461,-0.0047839043846153,-0.0075132739572649,-0.0166723047435897,-0.0058694587307692,N_LE_3,EXPLORATORY_NOT_VALIDATED
freshian,6,0.0582714486538461,0.0785829481153846,0.0619884327094017,0.0714686752564102,0.0635784912692307,,EXPLORATORY_NOT_VALIDATED
fwee,8,0.0299905061538461,0.0501888681153846,-0.0066703239572649,0.0298414952564102,0.0144720962692307,,EXPLORATORY_NOT_VALIDATED
innisfree,15,-0.0702129538461538,-0.0629360768846153,-0.0611513206239316,-0.0695556497435897,-0.0488949487307692,,EXPLORATORY_NOT_VALIDATED
ma:nyo,5,-0.0418397438461538,-0.0442400918846153,-0.0573631206239316,-0.0352479797435897,-0.0560178957307692,,EXPLORATORY_NOT_VALIDATED
mixsoon,8,-0.0144373238461538,-0.0048953893846153,0.0189502093760683,-0.0178363397435897,0.0356386462692307,,EXPLORATORY_NOT_VALIDATED
su:m37°,11,-0.1259362563461538,-0.1285515293846154,-0.1389434952905983,-0.1392206847435897,-0.0933421437307692,,EXPLORATORY_NOT_VALIDATED
