Filename,Brand,Width,Height,Mode,Format,Foreground_BBox_W,Foreground_BBox_H,Foreground_Max,White_Background_Ratio,Standard_OK,Eligibility,Researcher_Note,Eligibility_Rationale,Filename_Note,Embedding_Diversity_Rank,Embedding_Mean_Distance
logo_1024/biodance_logotype.png,biodance,1024,1024,L,PNG,807,149,807,0.953007698059082,True,A,,영문 로고타입 단독 사용 가능,,23,0.0460233463015936
logo_1024/sulwhasoo_logotype.png,Sulwhasoo,1024,1024,L,PNG,810,158,810,0.9611339569091796,True,A,,영문 로고타입 단독 사용 가능,,9,0.0616564572359275
logo_1024/mixsoon_logotype.png,mixsoon,1024,1024,L,PNG,808,164,808,0.9718265533447266,True,A,,영문 로고타입 단독 사용 가능,,4,0.0801641411881889
logo_1024/thesaem_logotype.png,THE SAEM,1024,1024,L,PNG,809,111,809,0.9625110626220704,True,A,,영문 로고타입 단독 사용 가능,,28,0.0430953281860132
logo_1024/etude_logotype.png,ETUDE,1024,1024,L,PNG,798,177,798,0.9321184158325196,True,A,,영문 로고타입 단독 사용 가능,,64,0.0298968866239025
logo_1024/cnp_logotype.png,CNP Laboratory,1024,1024,L,PNG,816,102,816,0.9700555801391602,True,A,,영문 로고타입 단독 사용 가능,,30,0.0424214187631256
logo_1024/tirtir_logotype.png,TIRTIR,1024,1024,L,PNG,797,151,797,0.9557838439941406,True,A,,영문 로고타입 단독 사용 가능,,68,0.0272056988575807
logo_1024/thefaceshop_logotype.png,THE FACE SHOP,1024,1024,L,PNG,800,154,800,0.9723358154296876,True,B,,부가 문구 CLEAN BEAUTY 포함,,27,0.0437385346229109
logo_1024/naturerepublic_logotype.png,NATURE REPUBLIC,1024,1024,L,PNG,805,64,805,0.9783058166503906,True,A,,영문 로고타입 단독 사용 가능,,36,0.0389200947236636
logo_1024/peripera_logotype.png,peripera,1024,1024,L,PNG,803,190,803,0.9438886642456056,True,A,,영문 로고타입 단독 사용 가능,,13,0.0577195404750779
logo_1024/sum_logotype.png,su:m37°,1024,1024,L,PNG,808,157,808,0.9636878967285156,True,A,,영문 로고타입 단독 사용 가능,,55,0.033349340795272
logo_1024/fwee_logotype.png,fwee,1024,1024,L,PNG,800,247,800,0.9417781829833984,True,A,,영문 로고타입 단독 사용 가능,,54,0.0334551259081181
logo_1024/loundlab_logotype.png,ROUND LAB,1024,1024,L,PNG,786,470,786,0.8715276718139648,True,B,,2단 배열·레이아웃 영향이 커 순수 서체 비교에 주의,파일명 오탈자 권장 수정: roundlab_logotype.png,14,0.0531614054746923
logo_1024/tonymoly_logotype.png,TONYMOLY,1024,1024,L,PNG,812,101,812,0.9631052017211914,True,A,,영문 로고타입 단독 사용 가능,,40,0.0379413387549127
logo_1024/thewhoo_logotype.png,THE WHOO,1024,1024,L,PNG,809,109,809,0.9703283309936525,True,A,,영문 로고타입 단독 사용 가능,,57,0.0314821017677437
logo_1024/sooryehan_logotype.png,Sooryehan,1024,1024,L,PNG,808,199,808,0.9660606384277344,True,A,,영문 로고타입 단독 사용 가능,,11,0.0581814368742175
logo_1024/cosrx_logotype.png,COSRX,1024,1024,L,PNG,808,165,808,0.9476280212402344,True,A,,영문 로고타입 단독 사용 가능,,67,0.0295975760715703
logo_1024/dominas_logotype.png,DOMINAS,1024,1024,L,PNG,787,94,787,0.9832582473754884,True,A,,영문 로고타입 단독 사용 가능,,10,0.0600214292335879
logo_1024/ourwhy_logotype.png,OURWHY,1024,1024,L,PNG,812,113,812,0.9709815979003906,True,A,,영문 로고타입 단독 사용 가능,,45,0.0358388185913166
logo_1024/somebymi_logotype.png,SOME BY MI,1024,1024,L,PNG,815,112,815,0.962611198425293,True,A,,영문 로고타입 단독 사용 가능,,19,0.0480166738760339
logo_1024/joseon_logotype.png,Beauty of Joseon,1024,1024,L,PNG,800,78,800,0.9819631576538086,True,A,,영문 로고타입 단독 사용 가능,,3,0.0805401658319079
logo_1024/fvrts_logotype.png,FVRTS,1024,1024,L,PNG,802,264,802,0.928828239440918,True,A,,영문 로고타입 단독 사용 가능,,22,0.0464295259995288
logo_1024/Stembell_logotype.png,STEMBELL,1024,1024,L,PNG,796,131,796,0.9693069458007812,True,A,,영문 로고타입 단독 사용 가능,,12,0.0579268479767799
logo_1024/retune_logotype.png,retune,1024,1024,L,PNG,801,145,801,0.9588918685913086,True,C,,화장품보다 건강기능식품/이너뷰티 성격이 강해 연구범위와 불일치 가능,,16,0.0505022711530959
logo_1024/medicube_logotype.png,medicube,1024,1024,L,PNG,803,140,803,0.9533653259277344,True,A,,영문 로고타입 단독 사용 가능,,49,0.0343592001758014
logo_1024/neopharm_logotype.png,NEOPHARM,1024,1024,L,PNG,817,105,817,0.9601173400878906,True,C,,소비자 단일 브랜드보다 복수 브랜드를 운영하는 기업명 성격이 강함,,48,0.0346110688694657
logo_1024/drbelmeur_logotype.png,Dr.Belmeur,1024,1024,L,PNG,806,289,806,0.9317874908447266,True,A,,영문 로고타입 단독 사용 가능,,6,0.0713016711120632
logo_1024/fromrier_logotype.png,fromrier,1024,1024,L,PNG,804,180,804,0.9594707489013672,True,A,,영문 로고타입 단독 사용 가능,,20,0.0479184329242045
logo_1024/amuse_logotype.png,AMUSE,1024,1024,L,PNG,815,145,815,0.9525299072265624,True,A,,영문 로고타입 단독 사용 가능,,53,0.0334792696711629
logo_1024/numbuzin_logotype.png,numbuzin,1024,1024,L,PNG,810,124,810,0.9619665145874025,True,A,,영문 로고타입 단독 사용 가능,,50,0.0343551827223911
logo_1024/alternativestereo_logotype.png,alternative stereo,1024,1024,L,PNG,808,470,808,0.8128747940063477,True,B,,다단 배열 자체의 영향이 커 순수 서체 비교에 주의,,1,0.1104106288422881
logo_1024/freshian_logotype.png,freshian,1024,1024,L,PNG,809,201,809,0.9695262908935548,True,A,,영문 로고타입 단독 사용 가능,,24,0.0446534919225792
logo_1024/celimax_logotype.png,celimax,1024,1024,L,PNG,820,172,820,0.9522132873535156,True,A,,영문 로고타입 단독 사용 가능,,52,0.0336948758708381
logo_1024/torriden_logotype.png,Torriden,1024,1024,L,PNG,807,156,807,0.9533634185791016,True,A,,영문 로고타입 단독 사용 가능,,37,0.0386079115926462
logo_1024/kahi_logotype.png,KAHI,1024,1024,L,PNG,798,122,798,0.9673166275024414,True,B,,영문과 한글이 함께 포함,,56,0.0326654731268682
logo_1024/skin1004_logotype.png,SKIN1004,1024,1024,L,PNG,812,68,812,0.9877328872680664,True,A,,영문 로고타입 단독 사용 가능,,15,0.0519076704328818
logo_1024/codeglokolor_logotype.png,code glökolor,1024,1024,L,PNG,807,117,807,0.9637956619262696,True,A,,영문 로고타입 단독 사용 가능,,18,0.0492131071922496
logo_1024/skinfood_logotype.png,SKINFOOD,1024,1024,L,PNG,804,216,804,0.9567661285400392,True,B,,1957 부가 문구 포함,,62,0.0301682464718544
logo_1024/glint_logotype.png,Glint,1024,1024,L,PNG,803,372,803,0.909832000732422,True,B,,by VDIVOV 부가 문구 포함,,47,0.0348654963241364
logo_1024/vdl_logotype.png,VDL,1024,1024,L,PNG,804,187,804,0.9649019241333008,True,A,,영문 로고타입 단독 사용 가능,,17,0.05026753008102
logo_1024/ohui_logotype.png,OHUI,1024,1024,L,PNG,805,214,805,0.941162109375,True,A,,영문 로고타입 단독 사용 가능,,44,0.0362669411170589
logo_1024/centellian_logotype.png,Centellian24+,1024,1024,L,PNG,806,138,806,0.960468292236328,True,B,,밑줄 등 부가 그래픽 요소 포함,,46,0.0356010702020443
logo_1024/abib_logotype.png,Abib,1024,1024,L,PNG,806,252,806,0.9250993728637696,True,A,,영문 로고타입 단독 사용 가능,,29,0.0425794977159208
logo_1024/hera_logotype.png,HERA,1024,1024,L,PNG,814,150,814,0.9631118774414062,True,A,,영문 로고타입 단독 사용 가능,,63,0.0299729590968085
logo_1024/uglylovely_logotype.png,UGLY LOVELY,1024,1024,L,PNG,806,89,806,0.958465576171875,True,A,,영문 로고타입 단독 사용 가능,,5,0.0778819909430893
logo_1024/tiela_logotype.png,TIELA,1024,1024,L,PNG,814,112,814,0.985116958618164,True,A,,영문 로고타입 단독 사용 가능,,8,0.063481655751299
logo_1024/missha_logotype.png,MISSHA,1024,1024,L,PNG,798,181,798,0.9843072891235352,True,A,,영문 로고타입 단독 사용 가능,,2,0.0967786044144538
logo_1024/violetdream.png,VIOLET DREAM,1024,1024,L,PNG,799,569,799,0.9128808975219728,True,B,,실제 이미지가 VDIVOV 심볼+워드마크 형태로 보이며 파일명/브랜드명 확인 필요,실제 이미지 표기 VDIVOV 확인 후 파일명/브랜드명 정정 권장,66,0.0296447072222929
logo_1024/fation_logotype.png,FATION,1024,1024,L,PNG,810,142,810,0.9521770477294922,True,B,,독립적인 + 심볼 포함,,65,0.0297874280120638
logo_1024/menokin_logotype.png,MENOKIN,1024,1024,L,PNG,812,158,812,0.9612770080566406,True,A,,영문 로고타입 단독 사용 가능,,25,0.0439992932700952
logo_1024/anua_logotype.png,Anua,1024,1024,L,PNG,812,198,812,0.9463768005371094,True,A,,영문 로고타입 단독 사용 가능,,39,0.0383642302967296
logo_1024/farmrx_logotype.png,farmrx,1024,1024,L,PNG,800,301,800,0.9549674987792968,True,A,,영문 로고타입 단독 사용 가능,,35,0.039099497658058
logo_1024/drjart_logotype.png,Dr.Jart+,1024,1024,L,PNG,798,161,798,0.9471912384033204,True,A,,영문 로고타입 단독 사용 가능,,33,0.040415752282568
logo_1024/laboh_logotype.png,LABO-H,1024,1024,L,PNG,799,143,799,0.9476394653320312,True,A,,영문 로고타입 단독 사용 가능,,43,0.0362798233092287
logo_1024/iisaknox_logotype.png,ISA KNOX,1024,1024,L,PNG,805,133,805,0.9748239517211914,True,A,,영문 로고타입 단독 사용 가능,파일명 오탈자 권장 수정: isaknox_logotype.png,31,0.0413415986864915
logo_1024/beyond_logotype.png,BEYOND,1024,1024,L,PNG,821,259,821,0.9666595458984376,True,B,,PASSION & 부가 문구 포함,,26,0.0437559233051652
logo_1024/unove_logotype.png,UNOVE,1024,1024,L,PNG,789,171,789,0.9500465393066406,True,B,,헤어케어 브랜드로 본 연구의 K-코스메틱 범위 포함 여부 확인 필요,,42,0.0363060678619443
logo_1024/laneige_logotype.png,LANEIGE,1024,1024,L,PNG,796,142,796,0.9644861221313475,True,A,,영문 로고타입 단독 사용 가능,,59,0.0305452525300658
logo_1024/dalba_logotype.png,d'Alba,1024,1024,L,PNG,806,308,806,0.942408561706543,True,B,,piedmont 부가 문구 포함,,58,0.031444897465981
logo_1024/innisfree_logotype.png,innisfree,1024,1024,L,PNG,800,104,800,0.955174446105957,True,A,,영문 로고타입 단독 사용 가능,,21,0.0465076796918363
logo_1024/biohealboh_logotype.png,BIOHEAL BOH,1024,1024,L,PNG,806,330,806,0.9210968017578124,True,B,,2단 조합형 워드마크로 레이아웃 영향 가능,,38,0.0384258402599058
logo_1024/aestura_logotype.png,AESTURA,1024,1024,L,PNG,817,140,817,0.9674625396728516,True,A,,영문 로고타입 단독 사용 가능,,51,0.0337990652166845
logo_1024/drg_logotype.png,Dr.G,1024,1024,L,PNG,801,396,801,0.9095296859741212,True,B,,하단 선 그래픽 요소 포함,,34,0.039835569760071
logo_1024/beplain_logotype.png,beplain,1024,1024,L,PNG,814,272,814,0.9495315551757812,True,A,,영문 로고타입 단독 사용 가능,,60,0.0305277181244757
logo_1024/CLIO_logotype.png,CLIO,1024,1024,L,PNG,803,244,803,0.9231433868408204,True,A,,영문 로고타입 단독 사용 가능,,41,0.0370053850557717
logo_1024/manyo_logotype.png,ma:nyo,1024,1024,L,PNG,800,180,800,0.9472999572753906,True,A,,영문 로고타입 단독 사용 가능,,32,0.0408948479337167
logo_1024/tpsy_logotype.png,TPSY,1024,1024,L,PNG,797,284,797,0.8876314163208008,True,A,,영문 로고타입 단독 사용 가능,,7,0.0648107466952936
logo_1024/age20s_logotype.png,AGE20'S,1024,1024,L,PNG,817,166,817,0.9594297409057616,True,A,,영문 로고타입 단독 사용 가능,,61,0.0304945712057912
