Item_No,Dimension,Facet,Trait,Original_Facet_Code
1,Sincerity,Down-to-earth,down-to-earth,1a
2,Sincerity,Down-to-earth,family-oriented,1a
3,Sincerity,Down-to-earth,small-town,1a
4,Sincerity,Honest,honest,1b
5,Sincerity,Honest,sincere,1b
6,Sincerity,Honest,real,1b
7,Sincerity,Wholesome,wholesome,1c
8,Sincerity,Wholesome,original,1c
9,Sincerity,Cheerful,cheerful,1d
10,Sincerity,Cheerful,sentimental,1d
11,Sincerity,Cheerful,friendly,1d
12,Excitement,Daring,daring,2a
13,Excitement,Daring,trendy,2a
14,Excitement,Daring,exciting,2a
15,Excitement,Spirited,spirited,2b
16,Excitement,Spirited,cool,2b
17,Excitement,Spirited,young,2b
18,Excitement,Imaginative,imaginative,2c
19,Excitement,Imaginative,unique,2c
20,Excitement,Up-to-date,up-to-date,2d
21,Excitement,Up-to-date,independent,2d
22,Excitement,Up-to-date,contemporary,2d
23,Competence,Reliable,reliable,3a
24,Competence,Reliable,hard working,3a
25,Competence,Reliable,secure,3a
26,Competence,Intelligent,intelligent,3b
27,Competence,Intelligent,technical,3b
28,Competence,Intelligent,corporate,3b
29,Competence,Successful,successful,3c
30,Competence,Successful,leader,3c
31,Competence,Successful,confident,3c
32,Sophistication,Upper class,upper class,4a
33,Sophistication,Upper class,glamorous,4a
34,Sophistication,Upper class,good looking,4a
35,Sophistication,Charming,charming,4b
36,Sophistication,Charming,feminine,4b
37,Sophistication,Charming,smooth,4b
38,Ruggedness,Outdoorsy,outdoorsy,5a
39,Ruggedness,Outdoorsy,masculine,5a
40,Ruggedness,Outdoorsy,Western,5a
41,Ruggedness,Tough,tough,5b
42,Ruggedness,Tough,rugged,5b
